Angle,Energy,Re_sigma_xx,Im_sigma_xx
10,1300,0.0909839205968265,-20.572359063354416
10,1310,0.05854982182424531,-10.861771378585162
10,1320,0.06754837910418136,-13.933766534343144
10,1330,0.08464450328625611,-16.723355456756433
10,1340,0.06281161871026272,-23.234074077798834
10,1350,0.12296053513034717,-15.130518368872572
10,1360,0.10756118519639149,-17.445378828352144
10,1370,0.10913779926822481,-9.195168855179674
10,1380,0.10264868746496451,-22.940036740871516
10,1390,0.11794568193313204,-17.474258174282742
10,1400,0.1060514090332015,-17.573399345531797
10,1410,0.11764954042536649,-14.82867482611255
10,1420,0.05142276284815217,-24.550086002706625
10,1430,0.12583252705053066,-16.199650326600775
10,1440,0.13916427120442254,-24.946871148491326
10,1450,0.07216673358520075,-25.287078827430495
10,1460,0.12420704321032175,-21.634193854888164
10,1470,0.1233478184273335,-24.704327312172552
10,1480,0.09035551643151514,-22.670442682037002
10,1490,0.08978003654670336,-19.96800340744579
10,1500,0.11020042400933211,-27.890914918462926
10,1510,0.044002093501580075,-19.473801261730856
10,1520,0.1477629170542863,-10.25825173804548
10,1530,0.09371766363851075,-23.483670670199704
10,1540,0.09326579746802931,-22.758361546241147
10,1550,0.08707283200610724,-27.57872914090568
10,1560,0.09135709316269862,-17.09155421055515
10,1570,0.1038303387530609,-11.360762089913598
10,1580,0.0937414942614934,-26.757447714291633
10,1590,0.11860058199225418,-23.229805365718196
10,1600,0.05632550324151768,-14.991405470795087
10,1610,0.0961738698804486,-26.46885568553137
10,1620,0.09405516692722604,-13.623254566683544
10,1630,0.09902693683522748,-28.724671216706877
10,1640,0.10215319375415652,-30.593520811537633
10,1650,0.053012398907820404,-24.984438858138198
10,1660,0.11382570133463046,-5.678350956553766
10,1670,0.1040407319577133,-23.487792007987505
10,1680,0.08820197207128529,-18.361393258969333
10,1690,0.07311984978315927,-27.202765359963436
10,1700,0.16866840629489688,-24.562124170308984
10,1710,0.10251512835897247,-21.178658062282995
10,1720,0.16030226741896592,-24.129424714037185
10,1730,0.12497801296724118,-25.867754331863242
10,1740,0.1328623213270786,-27.47828678551856
10,1750,0.11166363284435508,-24.035007446413992
10,1760,0.12706656006632383,-24.237103271510225
10,1770,0.07741624824710036,-33.25227991819614
10,1780,0.09163757102982718,-18.344395160222128
10,1790,0.13151182594164695,-21.330476220641184
10,1800,0.13070164239563253,-30.018822733299128
10,1810,0.16000136363062642,-30.871785381946435
10,1820,0.1414899183089747,-26.412866431396246
10,1830,0.13647129339099945,-33.97907487993841
10,1840,0.1470420385932188,-17.300179067633444
10,1850,0.15447874000047768,-23.46094814662916
10,1860,0.20077367544872665,-29.041951900878733
10,1870,0.14560831103604316,-40.55260882952079
10,1880,0.1355908127800315,-37.28621476708876
10,1890,0.17968342890373304,-43.27749944978785
10,1900,0.14002534525258228,-26.538513924771326
10,1910,0.10592010469821868,-42.79233844614096
10,1920,0.09373028143395057,-43.13363742233857
10,1930,0.12803009170491728,-31.19885445268203
10,1940,0.16181106294842934,-31.78911213305149
10,1950,0.20154863631541992,-27.01448271216071
10,1960,0.18098961096938374,-26.79749302078281
10,1970,0.13279234818224958,-45.61838524783913
10,1980,0.07203061548761827,-35.517631648475714
10,1990,0.18333722983912212,-31.22798714074169
11,1300,0.06269502496343642,-12.329282009563554
11,1310,0.08324296913298594,-14.82036079993582
11,1320,0.02937741090478558,-14.230206537158939
11,1330,0.09081638398688409,-16.262413331007476
11,1340,0.07617122865954751,-10.458368175853382
11,1350,0.0685618425760862,-17.063073153984135
11,1360,0.056888779853358155,-18.055326534394858
11,1370,0.052908550366216105,-13.75446696072514
11,1380,0.0928651911611538,-6.625468983614438
11,1390,0.06229218804158959,-15.842980752637832
11,1400,0.05098714407407549,-6.5071680407942
11,1410,0.06460596732407997,-8.060403764661995
11,1420,0.08092625734882061,-18.22982696069168
11,1430,0.08479102133409364,-17.210885629237175
11,1440,0.08353064068112236,-17.410053653299393
11,1450,0.08062325840592695,-10.769525445113073
11,1460,0.06510269081313164,-10.566799804833206
11,1470,0.061144576743554745,-19.656546413812663
11,1480,0.040257683674223055,-16.557814411833174
11,1490,0.10059937156161011,-17.66293593997341
11,1500,0.05177096842144204,-19.33488499345257
11,1510,0.07065182153728147,-16.26826153284698
11,1520,0.06301022327257817,-24.708605586116622
11,1530,0.09683915248137495,-14.35045363012982
11,1540,0.09308866181127869,-8.153420805254287
11,1550,0.08032344220467387,-21.805172928260518
11,1560,0.07676526421565734,-8.344120633636853
11,1570,0.0834178237840733,-20.9523549529249
11,1580,0.056678374294413345,-14.564635723425601
11,1590,0.05278869792394187,-9.33093399859878
11,1600,0.04867926360521305,-5.111400680720999
11,1610,0.06588759528381485,-18.32931953019063
11,1620,0.07855518306294078,-17.3660940467762
11,1630,0.07873694006991216,-14.770749568753661
11,1640,0.07695452300036425,-22.852311627711025
11,1650,0.08321601222833996,-18.08305975208939
11,1660,0.08143322164120002,-17.59194995008037
11,1670,0.02962308012253804,-15.516767683293873
11,1680,0.08318788258938259,-10.913816007336296
11,1690,0.05841425064617992,-18.993049562198554
11,1700,0.0927424093963513,-16.717861594365043
11,1710,0.062288393625446484,-23.821216621105133
11,1720,0.09125922732430534,-17.30845448530291
11,1730,0.09720735621465089,-15.062036415910972
11,1740,0.0725756796521725,-13.502689251074074
11,1750,0.061845415790241935,-18.091697149746107
11,1760,0.06972269803520496,-13.488450143781233
11,1770,0.07892364448046657,-11.351430789511843
11,1780,0.047019906293821606,-19.67640585806235
11,1790,0.06433305931197666,-12.566454557991117
11,1800,0.0938252125554739,-17.25494845524633
11,1810,0.06525957476037411,-23.994375217687985
11,1820,0.10629329822419664,-21.267819300752237
11,1830,0.07317826158420265,-23.43033525818256
11,1840,0.05219938886062882,-30.59441139029064
11,1850,0.07699289345936912,-20.86704932815803
11,1860,0.0688720402696455,-20.730209969051597
11,1870,0.10805183670933939,-23.178743412401474
11,1880,0.10026873780075336,-17.642934764289826
11,1890,0.11622034407665173,-25.305063474777246
11,1900,0.07193903143667207,-17.9938243115189
11,1910,0.08563358948014302,-19.562148197279193
11,1920,0.06396051131204848,-20.506194256801255
11,1930,0.09878571812877511,-21.325718251582003
11,1940,0.09623904972338085,-21.626864910706637
11,1950,0.10742228311985341,-21.33396339696023
11,1960,0.1086855051284293,-20.756193389100556
11,1970,0.12015659842270197,-19.633763426002183
11,1980,0.07350236970977882,-18.14078868668293
11,1990,0.10554284493967887,-24.128424599965836
12,1300,0.057081518117667596,-13.699062988157904
12,1310,0.04515527370812688,-6.529510340788676
12,1320,0.03592175818756103,-10.896681965062296
12,1330,0.05385950544954454,-8.718432921743851
12,1340,0.04998191978702967,-13.850323152601023
12,1350,0.04759120429956291,-10.880331606809177
12,1360,0.07503211792505038,-7.51653593785748
12,1370,0.05415142240144778,-12.477313601120114
12,1380,0.06236539967239846,-12.121080787677155
12,1390,0.047099086392219616,-15.957056155369255
12,1400,0.04654202305477573,-7.103257504042057
12,1410,0.04250288832518595,-14.232237872026115
12,1420,0.05764194678110878,-15.220127441538013
12,1430,0.024350672399695076,-7.225929774751721
12,1440,0.023677009985599348,-8.985218271919885
12,1450,0.05401108282532152,-6.9078849421767465
12,1460,0.03670524481667397,-5.539496347081638
12,1470,0.04079004411979695,-6.815060096349913
12,1480,0.06846745895793753,-9.370978737548361
12,1490,0.057130440774434715,-13.500446417584866
12,1500,0.05035591203147059,-8.626763522424605
12,1510,0.04318107590157151,-18.89978928855097
12,1520,0.043294076082396556,-7.853170164352631
12,1530,0.06648346145967973,-5.778819173121173
12,1540,0.06479633663726607,-14.620789244951897
12,1550,0.045955667334935744,-8.512640630673616
12,1560,0.047843207838642855,-11.159691821181621
12,1570,0.030976139568513483,-8.759535900378141
12,1580,0.05068576952613336,-13.71504792918384
12,1590,0.04121001418076863,-4.232049403073538
12,1600,0.09528691851484417,-9.689914421668828
12,1610,0.05028373883266056,-14.819616739462578
12,1620,0.03593658086482127,-12.062632845546583
12,1630,0.030040491647204084,-14.168418142884487
12,1640,0.05328981637810413,-10.168490733789511
12,1650,0.08150081770143956,-12.07079953609116
12,1660,0.07314420918137936,-13.702455359075973
12,1670,0.027616013064966007,-14.588038321142443
12,1680,0.055372908185230496,-17.582806708944545
12,1690,0.0718922815758804,-7.020080391411577
12,1700,0.030389737327319467,-9.537438188363323
12,1710,0.05906201445840813,-19.616954023638588
12,1720,0.059411726911033046,-18.78508804472119
12,1730,0.05398200510343953,-18.7336686588176
12,1740,0.014222414775136163,-6.140689201865893
12,1750,0.04657786646633402,-18.882914625206787
12,1760,0.06980907600068396,-12.017020036310956
12,1770,0.06284270364782489,-11.996683802033187
12,1780,0.06184676639778709,-11.885124636967841
12,1790,0.057624807484845234,-17.54540302483498
12,1800,0.048066996788956026,-18.12028992054078
12,1810,0.06977507211405673,-18.708966388770488
12,1820,0.020094020318513827,-16.84694025275164
12,1830,0.07467128322271285,-16.625121474861324
12,1840,0.05606915027395567,-22.613434799339206
12,1850,0.08667909522461816,-17.853363200241485
12,1860,0.03648925009462673,-21.741772387966776
12,1870,0.08478016172036819,-13.181484021902978
12,1880,0.05851578070193638,-23.550074894963565
12,1890,0.04181007739867901,-17.835565626037386
12,1900,0.049723456826815095,-18.747282732265354
12,1910,0.06439314449772839,-15.525944668849855
12,1920,0.05435660344274157,-8.264349375571348
12,1930,0.05888951927596054,-14.296634881835738
12,1940,0.03098096118705379,-18.281349021195684
12,1950,0.034839253223259384,-17.73886538244263
12,1960,0.04258204371026752,-18.649193733275595
12,1970,0.02797348434671882,-5.768269229462206
12,1980,0.08620389472984277,-11.32556561502093
12,1990,0.04065077998876389,-23.52809286766253
13,1300,0.05685732912452306,-9.552396886233609
13,1310,0.05271787920148,-5.796123853493079
13,1320,0.0243124679683102,-11.267047680865845
13,1330,0.04711692192512142,-13.192014651008579
13,1340,0.01591521574433544,-3.885758499866102
13,1350,0.042450369412539365,-4.888938532477831
13,1360,0.029228076838272155,-10.894872068516413
13,1370,0.02117190841249315,-5.751294593260766
13,1380,0.04085504110198406,-6.913960710900537
13,1390,0.02278729160834356,-4.99095692307365
13,1400,0.04832257926314708,-8.680927112329721
13,1410,0.04545970625936632,-5.964426895466576
13,1420,0.03864583974645582,-8.73349393602758
13,1430,0.028879921373892066,-8.133177387961405
13,1440,0.03431011153176526,-5.069953508761287
13,1450,0.038832443815639335,-7.787083767025805
13,1460,0.0306284858522613,-8.60192980858472
13,1470,0.029021694397468458,-3.6232258757829423
13,1480,0.039423960979206335,-9.77545733908603
13,1490,0.048963743299994804,-9.793166562902343
13,1500,0.05551965517557556,-6.348699455705062
13,1510,0.048125793136473374,-8.082560934210754
13,1520,0.023650956723194803,-4.762374441509948
13,1530,0.01869042716779501,-7.058799249913763
13,1540,0.03295556078025033,-7.769226832355056
13,1550,0.02850994760255476,-10.175057030081138
13,1560,0.05391136056361047,-12.054198810887668
13,1570,0.030699814488862838,-9.46614952915436
13,1580,0.06985652936567247,-11.4356610429699
13,1590,0.029205940938333244,-11.33242403894635
13,1600,0.04803536265611443,-6.8951897164149525
13,1610,0.04966820358413769,-7.655436623031462
13,1620,0.03698628385932436,-8.88622616261255
13,1630,0.025830093657688902,-8.15472899523291
13,1640,0.04732982890847778,-11.2834128086313
13,1650,0.055701152474103476,-4.070556685354897
13,1660,0.023975639154064334,-8.451030415549702
13,1670,0.03349262784551971,-15.822251952691524
13,1680,0.04811968610553972,-11.73017469929458
13,1690,0.03503415871264527,-9.582157903355107
13,1700,0.020029878999780006,-9.487528102931922
13,1710,0.04444463413056592,-13.181961346662588
13,1720,0.01857316048691222,-9.288649575141589
13,1730,0.024029025383446992,-12.541806284883906
13,1740,0.03993527225194442,-12.21858548804756
13,1750,0.0321405787135874,-12.817479185221849
13,1760,0.03199331518225226,-11.308314525776634
13,1770,0.06019359174371064,-6.1310395704536615
13,1780,0.029126803689278648,-14.167316936849938
13,1790,0.034011135107906466,-11.77290020741463
13,1800,0.04561544880834526,-11.166150343186352
13,1810,0.07243665668681527,-9.184585368970811
13,1820,0.048476003349189015,-9.168562850384916
13,1830,0.059819254724856226,-13.005524801388669
13,1840,0.04161988011964576,-5.849754377126086
13,1850,0.044482193957778755,-14.04695664248508
13,1860,0.047991418345083456,-9.126063035512962
13,1870,0.05872761490157982,-14.616368260259456
13,1880,0.062428740074155636,-5.040249052297038
13,1890,0.05402757144881089,-9.318572524923697
13,1900,0.025572749219234744,-14.747165656088072
13,1910,0.03358529887202114,-11.214809945935405
13,1920,0.013692203825689898,-7.851005039666991
13,1930,0.029412264171757022,-12.980099886420234
13,1940,0.044425839699847335,-8.484573134271491
13,1950,0.018610663131684125,-5.4751151290091675
13,1960,0.02103220474127218,-15.872586586372638
13,1970,0.03765284913088538,-13.415524392852921
13,1980,0.042617239622887576,-9.599224512064449
13,1990,0.046706912055939596,-6.6145853158432955
14,1300,0.04624148796855414,-7.506979387877318
14,1310,0.037213138692584316,-6.620247914037265
14,1320,0.023581207432109962,-6.446268540226832
14,1330,0.03403174750714971,-9.72246430554899
14,1340,0.021950793050119006,-6.617950841688023
14,1350,0.029419683668393457,-4.38068537958609
14,1360,0.036310371902233095,-3.804509599227947
14,1370,0.022955505676465905,-8.79525253185909
14,1380,0.02194341102886934,-4.181921945363584
14,1390,0.018601791077526252,-3.5566702162167125
14,1400,0.009647021950105247,-7.8385853733284705
14,1410,0.025287070680570446,-7.785899629128619
14,1420,0.024042188678177416,-6.262492671665356
14,1430,0.019879544430761162,-7.424327250122251
14,1440,0.024002680533395274,-6.948201132350304
14,1450,0.016258193013122584,-11.856110553867225
14,1460,0.019920421328724403,-10.132338346193169
14,1470,0.03278899796238252,-3.657388380746854
14,1480,0.025107675284067803,-4.957609231469111
14,1490,0.05107813689684296,-5.884082853822474
14,1500,0.027203755453444424,-9.747841070224675
14,1510,0.030479559975320675,-7.805010952774325
14,1520,0.0507105261610514,-10.367516004662065
14,1530,0.017454980693923164,-8.914109567881074
14,1540,0.03347880450876343,-7.984828177671894
14,1550,0.029743046343403932,-5.165732035781602
14,1560,0.03725233717642673,-10.749771697825263
14,1570,0.02708994137908459,-6.437628467812452
14,1580,0.022566227522683058,-7.596996237256896
14,1590,0.027403884354731303,-8.499527677952857
14,1600,0.027272944587466128,-2.9972585894866235
14,1610,0.024183158954470183,-5.14566976144024
14,1620,0.023460738044417964,-4.45586513270214
14,1630,0.027028700303288928,-10.251478280531146
14,1640,0.02719549795514955,-9.588938247072589
14,1650,0.04267216807385521,-8.848319157075483
14,1660,0.017945371769665288,-7.291798769416553
14,1670,0.05823523182949127,-10.30486752045551
14,1680,0.031588424290188585,-8.184307137958179
14,1690,0.029361469292894217,-9.327257291993169
14,1700,0.03412935565735181,-6.76008162059912
14,1710,0.026426142346073125,-2.747489637751003
14,1720,0.03204511088835714,-5.107632687429805
14,1730,0.02560433156253183,-10.055680654598309
14,1740,0.04058441874750787,-8.077951709068955
14,1750,0.012346588702656989,-9.412404042582567
14,1760,0.051907079104727104,-9.459352159603782
14,1770,0.012139199410667963,-5.8547988102056205
14,1780,0.05131598807629895,-6.655269267212342
14,1790,0.04028620412063871,-8.914347252347422
14,1800,0.015048063183056442,-6.292174260577872
14,1810,0.03262758679808787,-10.076329686387167
14,1820,0.04242456753941689,-7.97244579240829
14,1830,0.027232210708047176,-8.861628127390329
14,1840,0.04966802361554928,-10.726148397331539
14,1850,0.024486041041384802,-3.585223062069716
14,1860,0.026921152574966252,-12.391632244322274
14,1870,0.012637778043841185,-6.643895406677303
14,1880,0.054425117635540414,-12.004011676463115
14,1890,0.033551514181921094,-7.472019082374475
14,1900,0.03063515261519189,-7.51507121279767
14,1910,0.04227677279588859,-7.763621861509735
14,1920,0.050087827027915664,-10.481260276903429
14,1930,0.059689326054169774,-6.968517007943781
14,1940,0.03719180925900448,-10.228455069496103
14,1950,0.02072726819619362,-7.787521256151909
14,1960,0.013290835511145379,-6.820582040410929
14,1970,0.030122080790162774,-13.25501741387065
14,1980,0.012640124762118388,-12.230661157084555
14,1990,0.0177889897622701,-11.090260056238769
15,1300,0.02775856760637589,-3.32638674758487
15,1310,0.019067215461411834,-2.385521158442227
15,1320,0.03292336717399929,-5.234976595946149
15,1330,0.017757337045948802,-3.80143446265414
15,1340,0.029362272824683577,-6.250297703804582
15,1350,0.04134092853099812,-3.7543932449381856
15,1360,0.021306887289395664,-5.1059623923291255
15,1370,0.02215690909180758,-4.511042116015476
15,1380,0.011550206775115174,-4.336261661010106
15,1390,0.02489123823451522,-4.566777024199228
15,1400,0.0209797556832173,-4.1654466895454005
15,1410,0.01793045264643477,-6.402260861502701
15,1420,0.03993674825094315,-3.393080981932109
15,1430,0.0328455673843382,-2.0129863260357883
15,1440,0.032252163044152085,-5.570916918137642
15,1450,0.01969153642901562,-4.641035528475398
15,1460,0.02102384198541099,-6.796802301196106
15,1470,0.044451158953790225,-3.194856121787341
15,1480,0.03075569597445522,-2.9813471346944134
15,1490,0.01975344137722753,-4.658380571922902
15,1500,0.019954469655464924,-6.469199075197348
15,1510,0.02931562578844632,-3.927427442498159
15,1520,0.028655802346270586,-2.182815944774306
15,1530,0.016565702282018847,-9.94815720708416
15,1540,0.028206358811494827,-4.884562822121133
15,1550,0.020377082981445593,-5.726753983945008
15,1560,0.02142060920870402,-4.792881198092055
15,1570,0.02874404165939904,-4.430326996364695
15,1580,0.030010097678316132,-3.7550955658487695
15,1590,0.025153149887358308,-7.129909149643218
15,1600,0.017192449409644386,-5.297906022798817
15,1610,0.032486951187918035,-8.877213943219122
15,1620,0.03541028167466971,-8.127135978066677
15,1630,0.009735436891102154,-2.69469389789048
15,1640,0.026326021103166456,-7.050770792316911
15,1650,0.017106583650248943,-3.8998785146909682
15,1660,0.024858073265908515,-3.625003547652237
15,1670,0.012010441353562051,-4.658676218525143
15,1680,0.0248129557621714,-6.3593665217953435
15,1690,0.027938024750339054,-6.078182024641559
15,1700,0.023956401190526413,-5.875601967899856
15,1710,0.01778639610778137,-6.595593000048746
15,1720,0.01939809962002271,-2.5633842928051074
15,1730,0.03241556545918566,-8.57416927140487
15,1740,0.034552480898564567,-5.085967711476509
15,1750,0.019482254345422494,-8.287303545262578
15,1760,0.027346248415469395,-5.8342239065399
15,1770,0.02139804772026102,-5.69846326457166
15,1780,0.021545024229102823,-5.888159527689388
15,1790,0.0169006477503164,-6.828928389588666
15,1800,0.03563245794896316,-7.789813533242514
15,1810,0.0279019256573717,-2.76605323247723
15,1820,0.03301537908706014,-5.9033672320620765
15,1830,0.012156792059635253,-6.05051898707936
15,1840,0.02982202132462275,-7.544227459585643
15,1850,0.028498143428946198,-4.530094313946479
15,1860,0.030229754274071964,-3.3733274705744654
15,1870,0.035041147103927264,-5.433157892875384
15,1880,0.046855892995523916,-5.804707818825125
15,1890,0.028522683673483464,-8.947625755900354
15,1900,0.021581231286817014,-8.852798088738584
15,1910,0.023870000307034983,-6.6849305133584584
15,1920,0.0254075168063764,-7.2786008780034
15,1930,0.018064813901119605,-5.660237862656055
15,1940,0.03415774795494117,-4.814260687261654
15,1950,0.023113740412487087,-7.536441533206862
15,1960,0.028918666179845728,-8.246759843715488
15,1970,0.03211658908284006,-7.079933045883483
15,1980,0.0258832114836724,-9.815345312321288
15,1990,0.024454843826527562,-12.655698054846974
16,1300,0.01123213765062288,-5.0704303669806885
16,1310,0.017432030946102156,-5.4892993496532645
16,1320,0.020520226877407982,-5.0161501909887045
16,1330,0.026258174888945787,-5.3833053765146355
16,1340,0.028319539194255543,-4.319321789276105
16,1350,0.01982936050786005,-4.9527505229000965
16,1360,0.0183399642671308,-4.359777469234175
16,1370,0.017697988861229263,-3.191099199596798
16,1380,0.025893415119488925,-2.066623880831932
16,1390,0.022184539762814568,-4.435446266796253
16,1400,0.0252207129155402,-3.12188328123852
16,1410,0.026404432076317475,-3.8350209215481925
16,1420,0.01838158585009939,-2.541480139331204
16,1430,0.01862962085801289,-5.919502768940716
16,1440,0.015895197869468743,-3.0893200106676355
16,1450,0.01817367347379036,-4.5969653036205536
16,1460,0.018988938600167853,-6.45748920852689
16,1470,0.02444319476189958,-5.59110136789668
16,1480,0.023059301848927623,-3.4786049794187774
16,1490,0.013061474548363018,-6.177754688950793
16,1500,0.019713193758819747,-4.543022738560444
16,1510,0.013214642230558456,-5.1857008359925185
16,1520,0.029053625506981595,-4.962426710719909
16,1530,0.023712356192170204,-6.867111422207611
16,1540,0.030450124248033873,-4.0202153881163705
16,1550,0.017301570326906733,-8.607354733573159
16,1560,0.021668254950981715,-5.006866026077466
16,1570,0.024649469394625697,-2.697809062759435
16,1580,0.021782357930839547,-5.198973177246254
16,1590,0.028251471633449186,-3.7165637723958893
16,1600,0.02964494357816963,-7.796583121400152
16,1610,0.014641959525339011,-4.943419827600458
16,1620,0.021256974875160584,-6.078349249868333
16,1630,0.02794486961030322,-7.127867948858662
16,1640,0.014575069077924748,-4.177401990317238
16,1650,0.01121885212656174,-3.944451976993866
16,1660,0.029715207311114978,-3.6906786245542333
16,1670,0.02629549840983982,-6.4854259585506115
16,1680,0.018857036795194605,-6.044088220954453
16,1690,0.014580584781948994,-5.8749042788616315
16,1700,0.030921543899623368,-7.0352385171442435
16,1710,0.032780831027343825,-2.860322167151281
16,1720,0.015610308949687244,-7.209283351007161
16,1730,0.012895981398867537,-5.152278847509073
16,1740,0.016588007718038672,-6.69677152169082
16,1750,0.028476164848092945,-8.748087481269756
16,1760,0.037106519190682745,-5.695777506659588
16,1770,0.017421943986355753,-7.145875887683564
16,1780,0.02586537343957242,-7.158417434219141
16,1790,0.023982778418420673,-4.371724607622248
16,1800,0.011037537081191276,-6.9021518450155535
16,1810,0.030209542487743553,-4.944777654577502
16,1820,0.02045424675669329,-7.864562618897517
16,1830,0.029390522734135748,-9.491060344432167
16,1840,0.02125514455161345,-5.036616075677991
16,1850,0.015953518530727254,-7.041722160893432
16,1860,0.02949360045582056,-2.5926906615968224
16,1870,0.020877796138362725,-2.8626418176085187
16,1880,0.02883247695633131,-6.460007809328709
16,1890,0.012715946656329524,-9.11664053314694
16,1900,0.0264478330682144,-6.493789982776338
16,1910,0.025124477329580047,-7.302080207156261
16,1920,0.02059513548651289,-6.7550089744662465
16,1930,0.020959145824958357,-3.3663556904364413
16,1940,0.030267542875253326,-9.336324507474414
16,1950,0.028415602438432917,-8.487051378822297
16,1960,0.025305355304678596,-5.880132458530851
16,1970,0.02574124536923702,-5.728709495999801
16,1980,0.020985444867293018,-11.753938697348715
16,1990,0.03440668828552209,-4.088078046639619
17,1300,0.01463257586287585,-2.9604500278438177
17,1310,0.02118673219088108,-3.919143072316013
17,1320,0.02438407849412065,-3.8874066850059803
17,1330,0.01848472246839282,-5.63018190667101
17,1340,0.017227993366387306,-1.889109963252475
17,1350,0.016114650830074875,-4.951459229896935
17,1360,0.019988475085008273,-1.8210943774913029
17,1370,0.019593305068634822,-3.717963609339839
17,1380,0.017002805056271175,-4.236431079219102
17,1390,0.023313256470982747,-4.01625362048457
17,1400,0.02083399925064108,-3.2269525087886675
17,1410,0.010867736303979124,-4.57110328242804
17,1420,0.0111313719911806,-6.2048574122368105
17,1430,0.00999606566782173,-2.806646581583201
17,1440,0.027602370790937615,-4.4338476177521615
17,1450,0.023885031701878424,-4.501068968029336
17,1460,0.021264895118910488,-4.429644685704038
17,1470,0.01587240905094723,-4.5980161946265445
17,1480,0.013508938203157005,-5.408883974004175
17,1490,0.01807398644719482,-5.827428859763667
17,1500,0.019881811721791907,-4.343279534901605
17,1510,0.013908781239212839,-3.050799461191902
17,1520,0.018072276084189987,-3.2973930963450977
17,1530,0.030875096953825478,-6.160669419711933
17,1540,0.019064215624596047,-3.6706095042887372
17,1550,0.017968413668216564,-5.189654973703794
17,1560,0.01900485733832994,-3.6130327100164203
17,1570,0.012438482956775285,-3.741861664049092
17,1580,0.00974587041650726,-2.1737531838023
17,1590,0.019393526232335624,-5.4086945908344735
17,1600,0.011639369331649902,-4.267518637273275
17,1610,0.012947645462979674,-4.638844575065523
17,1620,0.022590923802672736,-1.9095839697097485
17,1630,0.022850591248612957,-3.969483953071426
17,1640,0.00742344076840607,-5.665050212415292
17,1650,0.01995579620328513,-3.336043337677464
17,1660,0.02747272728511277,-5.627904742185988
17,1670,0.01851070148254069,-4.0645111740849265
17,1680,0.027032180272936992,-2.4170190605358575
17,1690,0.015304099784449627,-5.089245482963018
17,1700,0.031104287064506998,-3.573997703640537
17,1710,0.01492490475355262,-5.391508834988565
17,1720,0.014561635613310323,-2.363493846513363
17,1730,0.020869721881300013,-5.286537503045559
17,1740,0.01460522344628854,-3.7232441410844004
17,1750,0.017051913018033202,-7.570568856745262
17,1760,0.020701798346312108,-2.397504111808102
17,1770,0.025626470248799296,-4.457507011198028
17,1780,0.020682013142913992,-3.1374239806675703
17,1790,0.02551975110026199,-4.068398043758407
17,1800,0.01992950979135115,-3.9383745618409347
17,1810,0.012496432583266074,-5.717839240161753
17,1820,0.012418913572353125,-8.582112008932478
17,1830,0.020963307469517103,-4.154721341565771
17,1840,0.01538416988678455,-6.573984243124453
17,1850,0.019102707675942434,-5.976528563943798
17,1860,0.004561272121507967,-5.847390636996297
17,1870,0.021650069747001673,-3.0571320019612798
17,1880,0.019108276245443142,-6.00284924192624
17,1890,0.009728065203766524,-3.4461850932739533
17,1900,0.010717437400171384,-6.387927532910981
17,1910,0.026906316393303972,-4.251184983983643
17,1920,0.020984393638209906,-8.042693348093342
17,1930,0.019404179625660933,-4.154361694495486
17,1940,0.024523867774075458,-6.570497980618507
17,1950,0.016177393755363596,-4.263466658503311
17,1960,0.014576124360451482,-10.509079462061827
17,1970,0.024230356071940077,-3.728962537827573
17,1980,0.017278945378176896,-6.1769420391150245
17,1990,0.011282292168310335,-7.368170483618488
18,1300,0.014370731596956591,-3.3574951460610323
18,1310,0.023781911944808092,-2.5087820051138023
18,1320,0.017048324201789363,-4.137752169512752
18,1330,0.017422711638260653,-3.3631722400418007
18,1340,0.013546722972620672,-5.685431411382497
18,1350,0.01513624198314305,-3.5184854770613665
18,1360,0.01917226106593787,-2.205958699870352
18,1370,0.01628799754353574,-4.183401901162595
18,1380,0.022655113075872254,-3.603339669005262
18,1390,0.014383960695339827,-1.761455569816997
18,1400,0.01695365926487107,-2.736211547606968
18,1410,0.013807687108425518,-1.4814068686227708
18,1420,0.01799919369257818,-3.5716412345865285
18,1430,0.01327082795875708,-3.685085104256834
18,1440,0.01877003339210474,-2.8985131650564173
18,1450,0.019856142768815636,-3.8411855423908183
18,1460,0.012957853455121576,-4.209607053960179
18,1470,0.026524673018272844,-3.720946609044971
18,1480,0.01831431784309989,-3.3507566317421813
18,1490,0.01757877640249331,-4.762658316345313
18,1500,0.0271718034563261,-3.9454253340442835
18,1510,0.01397654203293257,-3.3239355448397
18,1520,0.007819926976029836,-5.191269171279762
18,1530,0.012347132371585093,-5.893170116514947
18,1540,0.011151143370312006,-2.0941653443631165
18,1550,0.016414649034912087,-2.8450122678036713
18,1560,0.019164953211044066,-3.5909751311680975
18,1570,0.011842346642960975,-4.059218910562517
18,1580,0.006758385625271365,-3.874374907669359
18,1590,0.017865337457457196,-4.673913861398152
18,1600,0.016265980839328505,-2.9073609087615795
18,1610,0.012091458223982613,-4.200677772107072
18,1620,0.010986653841048237,-3.7700694952465055
18,1630,0.009311045415695851,-2.0533809382652666
18,1640,0.011203910098142356,-2.408202357659735
18,1650,0.02133284417264684,-4.193448051473021
18,1660,0.015212428146031121,-3.2189254467368364
18,1670,0.026012714679582806,-4.954470504857298
18,1680,0.014061504711857478,-4.175950340396722
18,1690,0.015961921277868493,-2.3151737957617273
18,1700,0.011760574470902667,-5.348067717505996
18,1710,0.0180949222330767,-3.6046055636251735
18,1720,0.010498736449694287,-6.836908665732179
18,1730,0.015863833430008138,-4.68707127140441
18,1740,0.014132342828793686,-2.507991205788936
18,1750,0.019841863279660022,-4.515665712712188
18,1760,0.025018518997517437,-5.89558384542437
18,1770,0.011539456337753606,-2.277938937075936
18,1780,0.012785478882867955,-4.144583849967835
18,1790,0.012463410435863484,-5.946161917133152
18,1800,0.015473943111023859,-4.570048016384899
18,1810,0.008142055072873772,-5.164432986269019
18,1820,0.013691496681846743,-4.455792542380902
18,1830,0.02597898822483059,-5.137433044566106
18,1840,0.01428202011599827,-4.341107360828352
18,1850,0.01869021351427006,-3.935168722576706
18,1860,0.017197218917128172,-3.348934923570133
18,1870,0.018293034567590353,-5.143283619768765
18,1880,0.017744955211062206,-3.652273130046601
18,1890,0.020974341569723273,-5.431110575984802
18,1900,0.014231996455868732,-5.157405733354282
18,1910,0.015813332009456692,-4.419507365289019
18,1920,0.02508363186538119,-5.97746667870913
18,1930,0.023125885799878485,-7.737088740785613
18,1940,0.014305464229863446,-3.734506515624141
18,1950,0.017574632952999807,-4.975503789630304
18,1960,0.018203035045373857,-5.026434220080477
18,1970,0.005555765277193934,-2.929644922650412
18,1980,0.010312638562498427,-5.350943070351239
18,1990,0.010414754889818734,-6.553860305855083
19,1300,0.013296602890325816,-2.2624425977609413
19,1310,0.013399167451422587,-1.989651456274536
19,1320,0.014266576611862267,-1.951086449753203
19,1330,0.010725560590504005,-2.8481704730561335
19,1340,0.013158451398665054,-2.5581607203418164
19,1350,0.012422388388921322,-2.786545750760658
19,1360,0.014525027859112156,-1.813286788007154
19,1370,0.016258346827699898,-2.848212159412525
19,1380,0.016600504202554024,-2.502274342191719
19,1390,0.012994911403083278,-2.808360421054988
19,1400,0.008121681317861304,-2.11897719645965
19,1410,0.006896798794748259,-2.067051015404747
19,1420,0.011413315996907354,-2.550234155209089
19,1430,0.014072581505843859,-1.4597206069621798
19,1440,0.01605566005807833,-2.7594021202721826
19,1450,0.01470635585337608,-3.350491455718539
19,1460,0.005931854835742394,-2.213871790416389
19,1470,0.008558077130819615,-2.4397287198826314
19,1480,0.018066818823855534,-3.7973314896302752
19,1490,0.011037293724384162,-1.8478438426928248
19,1500,0.008625872249432388,-2.527661174125148
19,1510,0.010848499226768556,-2.4706867568660873
19,1520,0.014804036099576,-3.3006559971750784
19,1530,0.016819365933363924,-3.7944981101159914
19,1540,0.00771665249455073,-3.9357009709200232
19,1550,0.013712693837910163,-3.544280385367189
19,1560,0.010990475947068075,-2.31569104891262
19,1570,0.008279694337340774,-2.6343501859712157
19,1580,0.015551006522469888,-3.4385133271679793
19,1590,0.009528114782082507,-3.684237424259287
19,1600,0.009489292978099544,-2.507507325179134
19,1610,0.01499501715345325,-2.0997887999498532
19,1620,0.015035028610642093,-5.302057542952558
19,1630,0.015564234166643388,-4.361341255409207
19,1640,0.013431962395885119,-2.186738843646392
19,1650,0.012456100906412521,-1.7362875783615161
19,1660,0.011744919103502026,-3.750158923014776
19,1670,0.004774701695806627,-4.265999932220139
19,1680,0.012433487032605639,-4.220609910058411
19,1690,0.00989169558757437,-3.092554208277549
19,1700,0.01651800282492001,-3.1538087102345203
19,1710,0.008788037035695249,-4.094985102402618
19,1720,0.014091829988566333,-2.5641502621376735
19,1730,0.015165916295566578,-4.447435597185584
19,1740,0.012290425873028601,-3.391226050026881
19,1750,0.015445493961876684,-2.9366252313304257
19,1760,0.0068842779488778386,-2.3969319815019903
19,1770,0.017763930761535714,-3.708725285646551
19,1780,0.011303371307250511,-3.3895711559237176
19,1790,0.009591704265373226,-6.52860554718501
19,1800,0.009972266817657442,-6.465478443472752
19,1810,0.016718445643080265,-4.8038766682929195
19,1820,0.017329506334706028,-3.217463815701383
19,1830,0.008598657300378834,-2.743262617260611
19,1840,0.009975848181093212,-2.5338661441536616
19,1850,0.010586616300160586,-4.539260689035474
19,1860,0.011919984301462048,-4.912357725904252
19,1870,0.0165129378708098,-4.351895331407633
19,1880,0.011814905401391495,-4.232400074220132
19,1890,0.011790851168945512,-4.156053510871563
19,1900,0.017203264107537912,-4.636979749127452
19,1910,0.017092066371449145,-3.1354758583828533
19,1920,0.01684003672350697,-3.763171956122736
19,1930,0.010646894249850988,-4.1042960689862396
19,1940,0.014006977201710277,-3.030513190749835
19,1950,0.015391002377507967,-5.41945237497111
19,1960,0.00831536047917911,-3.1747568763190874
19,1970,0.018675434459124177,-2.409196972792641
19,1980,0.008696961914614514,-2.112020916478309
19,1990,0.007367340723582447,-2.1132723409810787
